no,Address,zipcode,city,latitude,longitude,price,bathrooms,bedrooms,homeType
1,7 Yvonne Ave,M3L1C6,Toronto,,,999,3,3,SINGLE_FAMILY
2,251 Manitoba St #327,M8Y0C7,Toronto,43.62386,-79.488945,2900,2,2,CONDO
3,160 Flemington Rd,M6A2N9,Toronto,43.72315,-79.44823,5500,0,0,CONDO
4,68 Abell St #720,M6J0B1,Toronto,43.64239,-79.424736,13275,1,1,CONDO
5,15 Stafford St #513,M5V3X6,Toronto,43.641495,-79.417,19650,1,1,CONDO
6,20 Burkebrook Pl,M4G0A1,Toronto,43.7182,-79.376884,20000,0,0,CONDO
7,18 William Carson Cres #B-84,M2P2G6,Toronto,,,22000,0,0,CONDO
8,28 William Carson Cres #B-38,M2P2H1,Toronto,,,22000,0,0,CONDO
9,2 Eva Rd #P2-79,M9C0A9,Toronto,,,35000,0,0,CONDO
10,800 Lawrence Ave W #P3-63,M6A0B1,Toronto,43.7145,-79.45351,38888,0,0,CONDO
11,170 Sudbury St #2,M6J0A1,Toronto,43.641552,-79.424515,50000,0,0,CONDO
12,3865 Lake Shore Blvd W #P3-61,M8W0A2,Toronto,43.58977,-79.54517,60000,0,0,CONDO
13,35 Finch Ave E #C17,M2N6Z8,Toronto,43.784,-79.41268,65000,0,0,CONDO
14,2 Sonic Way #29,M3C0P2,Toronto,43.719334,-79.33631,75000,0,0,CONDO
15,36 Blue Jays Way #P3-32,M5V3T3,Toronto,,,82000,0,0,CONDO
16,1 Four Winds Dr #1002,M3J2T1,Toronto,43.764618,-79.4921,142900,1,2,CONDO
17,4673 Jane St #810,M3N2L1,Toronto,43.77447,-79.521,225000,1,1,CONDO
18,3621 Lake Shore Blvd W #110,M8W4W1,Toronto,43.593613,-79.53594,229000,1,1,CONDO
19,88 Corporate Dr #705,M1H3G6,Toronto,43.78964,-79.24979,249900,2,2,CONDO
20,4645 Jane St #336,M3N2K9,Toronto,43.769455,-79.51981,270000,1,2,CONDO
21,235 Grandravine Dr #1412,M3N1J2,Toronto,43.74851,-79.559,285000,1,1,CONDO
22,4673 Jane St UNIT 618,M3N2L1,Toronto,43.77447,-79.521,295000,1,2,CONDO
23,4673 Jane St #713,M3N2L1,Toronto,43.77447,-79.521,298000,1,2,CONDO
24,7 Brimley Rd S #E31,M1M3W3,Toronto,43.76276,-79.231865,299999,1,1,TOWNHOUSE
25,235 Grandravine Dr #410,M3N1J2,Toronto,43.74851,-79.559,317000,1,2,CONDO
26,235 Grandravine Dr #402,M3N1J2,Toronto,,,317000,1,2,APARTMENT
27,4645 Jane St #909,M3N2K9,Toronto,43.769455,-79.51981,320000,1,2,CONDO
28,200 Lotherton Ptwy #503,M6B2G9,Toronto,43.7731,-79.465744,329700,1,2,CONDO
29,775 King St W #233,M5V2K3,Toronto,43.64313,-79.4624,330000,0,0,CONDO
30,11 Charlotte St #1401,M5V0M6,Toronto,43.64635,-79.39363,330000,1,1,CONDO
31,37 Sherbourne St #304,M5A2P6,Toronto,43.6596,-79.36789,330000,1,2,CONDO
32,503 Beecroft Rd #306,M2N0A2,Toronto,43.77824,-79.41777,339900,1,3,CONDO
33,4060 Lawrence Ave E #103,M1E4V4,Toronto,,,349900,1,2,CONDO
34,65 Liberty St #608,M6K1Y4,Toronto,43.637943,-79.42186,360000,1,2,CONDO
35,1 King St W UNIT 1808,M5H1A1,Toronto,43.648827,-79.3781,368000,1,0,CONDO
36,234 Albion Rd #610,M9W6A5,Toronto,43.72163,-79.543816,374900,2,3,CONDO
37,5765 Yonge St PENTHOUSE 407,M2M4H9,Toronto,43.78311,-79.41517,375000,2,3,CONDO
38,50 Old Kingston Rd #2104,M1E4Y1,Toronto,43.77618,-79.18265,378800,1,2,CONDO
39,5 Frith Rd #412,M3N2L5,Toronto,43.745888,-79.515816,398000,1,1,CONDO
40,785 Browns Line #603,M8W3V8,Toronto,43.6879,-79.547585,399000,1,2,CONDO
41,1 King St W #2002,M5H1A1,Toronto,43.648827,-79.3781,399000,1,0,CONDO
42,340 Dixon Rd #1209,M9R1T1,Toronto,43.695618,-79.553856,399800,1,2,CONDO
43,3237 Bayview Ave #505,M2K0G1,Toronto,43.7912,-79.3928,399900,1,1,CONDO
44,49 E Liberty St #2609,M6K0A7,Toronto,43.638775,-79.41172,399999,1,1,CONDO
45,1 King St W #1118,M5H1A1,Toronto,43.648827,-79.3781,405000,1,1,CONDO
46,3625 Lake Shore Blvd W #202,M8W4W2,Toronto,43.59323,-79.53615,435000,1,3,CONDO
47,575 Avenue Rd #904,M4V2K2,Toronto,,,439900,1,1,CONDO
48,800 Kennedy Rd #605,M1K2C9,Toronto,43.733185,-79.26924,445000,1,2,CONDO
49,51 E Liberty St #205,M6K,Toronto,43.638138,-79.42845,449000,1,0,CONDO
50,370 Dixon Rd #1006,M9R1T2,Toronto,43.695915,-79.55616,449000,1,2,CONDO
51,8 McKee Ave #1008,M2N7E5,Toronto,43.77339,-79.4134,449900,2,3,CONDO
52,735 Don Mills Rd #2505,M3C1S9,Toronto,43.711655,-79.33481,449900,1,1,CONDO
53,234 Albion Rd #503,M9W6A5,Toronto,43.72163,-79.543816,449900,2,3,CONDO
54,600 Queens Quay W #215,M5V3M3,Toronto,43.63681,-79.397514,449900,1,1,CONDO
55,5 Frith Rd #804,M3N2L5,Toronto,43.745888,-79.515816,449900,1,1,CONDO
56,50 Ordnance St #2308,M6K0C9,Toronto,43.63979,-79.4984,459000,1,0,CONDO
57,225 Sumach St #504W,M5A0P8,Toronto,43.6617,-79.3635,469000,1,1,CONDO
58,715 Don Mills Rd #1,M3C1S5,Toronto,43.7174,-79.33373,469900,1,1,CONDO
59,345 Driftwood Ave #905,M3N2P4,Toronto,43.767612,-79.512215,469900,1,2,CONDO
60,4 Park Vis #302,M4B3M8,Toronto,43.697975,-79.299355,469900,1,1,CONDO
61,775 King St W #221,M5V2K3,Toronto,43.64313,-79.4624,475000,1,2,TOWNHOUSE
62,4060 Lawrence Ave E #109,M1E4V4,Toronto,43.76626,-79.19796,479000,2,4,TOWNHOUSE
63,1 Massey Sq #1112,M4C5L4,Toronto,,,479900,1,1,CONDO
64,255 Richmond St E PENTHOUSE 6,M5A4T7,Toronto,43.652912,-79.3735,482000,1,0,CONDO
65,80 Grandravine Dr #509,M3J1B2,Toronto,43.75324,-79.4993,488000,2,3,CONDO
66,320 Dixon Rd #715,M9R1S8,Toronto,,,489000,2,3,CONDO
67,10 Eddystone Ave #156,M3N2T2,Toronto,43.74954,-79.517136,489900,2,4,TOWNHOUSE
68,30 Meadowglen Pl #303,M1G2V6,Toronto,,,493500,1,1,CONDO
69,1 Hickory Tree Rd #2007,M9N3W4,Toronto,,,498000,1,1,CONDO
70,3077 Weston Rd #1501,M9M3A1,Toronto,43.732376,-79.53698,498888,1,1,CONDO
71,3231 Eglinton Ave E #808B,M1J3N5,Toronto,,,499000,2,2,CONDO
72,5229 Dundas St W #1809,M9B6L9,Toronto,,,499000,1,1,CONDO
73,275 Yorkland Rd #1504,M2J0B4,Toronto,43.77483,-79.33691,499000,1,1,CONDO
74,778 Sheppard Ave W #501,M3H6B7,Toronto,43.753742,-79.448395,499000,2,2,CONDO
75,335 Lonsdale Rd #104,M5P1R4,Toronto,43.68828,-79.41355,499000,1,1,CONDO
76,60 Brian Harrison Way #3306,M1P5J5,Toronto,43.77433,-79.2581,499000,1,1,CONDO
77,2645 Kipling Ave #404,M9V3S6,Toronto,43.74747,-79.58333,499000,2,2,CONDO
78,111 Elizabeth St #1651,M5G1P7,Toronto,43.654842,-79.38468,499000,1,0,CONDO
79,301 Prudential Dr #1002,M1P4V3,Toronto,43.749928,-79.26863,499000,1,2,CONDO
80,3233 Eglinton Ave E #1112,M1J3N6,Toronto,43.74371,-79.2135,499000,1,1,CONDO
81,1837 Eglinton Ave E #227,M4A2Y4,Toronto,43.72432,-79.3328,499900,2,1,TOWNHOUSE
82,410 Queens Quay W #513,M5V3T1,Toronto,43.638134,-79.39147,499900,1,1,CONDO
83,1250 Bridletowne Cir #1006,M1W2V1,Toronto,43.79448,-79.31232,499900,1,2,CONDO
84,235 Grandravine Dr #702,M3N1J2,Toronto,43.74851,-79.559,499988,1,2,APARTMENT
85,410 McLevin Ave #612,M1B5J5,Toronto,,,499990,1,1,CONDO
86,5 Soudan Ave #923,M4S0B1,Toronto,43.7423,-79.39735,499999,1,1,CONDO
87,3 Marine Parade Dr UNIT 508,M8V3Z5,Toronto,43.63234,-79.47622,523500,2,2,CONDO
88,783 Bathurst St #304,M5S0A8,Toronto,43.664516,-79.4158,529000,1,0,CONDO
89,22 Leader Ln UNIT 316,M5E0B2,Toronto,43.649258,-79.37576,529000,1,1,CONDO
90,50 Grandravine Dr #2,M3J1B1,Toronto,43.75336,-79.48941,529900,3,3,TOWNHOUSE
91,28 Rexdale Blvd #43,M9W5Z3,Toronto,43.714233,-79.55794,535000,2,2,TOWNHOUSE
92,6 Eva Rd #1407,M9C0B1,Toronto,43.64415,-79.5639,539000,2,2,CONDO
93,15 Vicora Linkway #915,M3C1A9,Toronto,43.7193,-79.32513,539900,1,2,CONDO
94,185 Legion Rd N #2110,M8Y0A1,Toronto,43.624832,-79.488785,539900,1,1,CONDO
95,1 Neighbourhood Ln #101,M8Y0C2,Toronto,43.637733,-79.48798,539900,1,1,CONDO
96,630 Greenwood Ave #214,M4J0A8,Toronto,43.681126,-79.332436,549900,1,1,CONDO
97,210 Victoria St UNIT 3910,M5B2R3,Toronto,43.654713,-79.3792,549900,1,1,CONDO
98,20 Gilder Dr #206,M1K5E1,Toronto,43.73658,-79.257835,549900,2,3,CONDO
99,2 Eva Rd #2121,M9C0A9,Toronto,43.64327,-79.56238,549999,1,1,CONDO
100,1 Neighbourhood Ln #513,M8Y0C2,Toronto,43.637733,-79.48798,559000,1,1,CONDO
101,88 Blue Jays Way #1210,M5V0L7,Toronto,43.645473,-79.39232,559000,1,0,CONDO
102,1730 Eglinton Ave E #7,M4A2X9,Toronto,,,560000,1,1,CONDO
103,830 Lawrence Ave W #1103,M6A0B6,Toronto,43.714245,-79.45384,569900,1,1,CONDO
104,5 Greystone Walk Dr #906,M1K5J5,Toronto,,,569900,1,2,CONDO
105,90 Stadium Rd UNIT 1907,M5V3W5,Toronto,43.634823,-79.4156,574900,2,2,CONDO
106,21 Widmer St #3103,M5V0B8,Toronto,43.64718,-79.3916,574900,1,0,CONDO
107,197 Yonge St #1512,M5B1M4,Toronto,,,575000,1,0,CONDO
108,200 Sackville St #1201,M5A0C4,Toronto,,,579000,1,1,CONDO
109,16 Brookers Ln #705,M8V0A5,Toronto,,,579900,1,1,CONDO
110,2 Eva Rd #828,M9C0A9,Toronto,43.64327,-79.56238,579900,1,1,CONDO
111,75 Canterbury Pl #310,M2N0J3,Toronto,,,588000,1,1,CONDO
112,3151 Bridletowne Cir #506,M1W2T1,Toronto,43.797565,-79.31985,588800,2,2,CONDO
113,2901 Jane St #114,M3N2J8,Toronto,43.75267,-79.5151,589000,2,3,TOWNHOUSE
114,1070 Sheppard Ave W #1116,M3J0G8,Toronto,43.75698,-79.4655,589900,1,1,CONDO
115,8 Silverbell Grv #207,M1B4Z3,Toronto,43.84848,-79.21674,589900,2,2,CONDO
116,195 Redpath Ave #3216,M4P0E4,Toronto,43.71346,-79.39317,592000,1,1,CONDO
117,298 Jarvis St #1007,M5B2M4,Toronto,43.66116,-79.37658,594900,2,2,CONDO
118,255 Bamburgh Cir #2002,M1W3T6,Toronto,43.813545,-79.32216,598000,2,1,CONDO
119,161 Frederick Tisdale Dr #1,M3K0B5,Toronto,43.73627,-79.47671,599000,2,2,TOWNHOUSE
120,185 Roehampton Ave #813,M4P0C6,Toronto,,,599000,1,1,CONDO
121,2119 Lake Shore Blvd W #111,M8V4E8,Toronto,43.627926,-79.478165,599000,1,1,CONDO
122,88 Park Lawn Rd #801,M8Y0B5,Toronto,43.624134,-79.48582,599000,1,1,CONDO
123,236 Albion Rd #403,M9W6A6,Toronto,43.7228,-79.543945,599000,2,3,CONDO
124,75 Bamburgh Cir #726,M1W3W1,Toronto,43.814484,-79.325325,599000,2,3,CONDO
125,39 Grandville Ave,M6N4T8,Toronto,43.678783,-79.49515,599000,2,2,SINGLE_FAMILY
126,100 Mornelle Ct #1091,M1E4X2,Toronto,43.787228,-79.19468,599000,2,2,TOWNHOUSE
127,6 Sonic Way #2403,M3C0P1,Toronto,43.7216,-79.33666,599000,2,2,CONDO
128,103 Bude St S,M6E2E4,Toronto,43.69384,-79.44214,599900,2,0,SINGLE_FAMILY
129,33 Mill St #1109,M5A3R3,Toronto,43.65352,-79.3699,599900,1,1,CONDO
130,31 Tippett Rd #461,M3H0C8,Toronto,43.733253,-79.44614,599900,1,2,CONDO
131,4 Elsinore Path UNIT 703,M8V4G7,Toronto,43.61597,-79.51155,599900,1,2,CONDO
132,105 Victoria St #1202,M5C3B4,Toronto,43.652245,-79.37764,599999,1,1,CONDO
133,5 Old Sheppard Ave UNIT 1205,M2J4K3,Toronto,,,600000,2,3,CONDO
134,3077 Weston Rd #412,M9M3A1,Toronto,43.732376,-79.53698,605000,2,2,CONDO
135,25 Carlton St #911,M5B1L4,Toronto,43.66115,-79.38163,609900,1,1,CONDO
136,1900 Lake Shore Blvd W #1804,M6S1A4,Toronto,43.63646,-79.46664,609900,1,1,CONDO
137,2221 Yonge St #4907,M4S0B8,Toronto,43.766,-79.397766,609900,1,1,CONDO
138,53 Pitt Ave,M1L2R3,Toronto,43.726,-79.2919,609900,2,4,SINGLE_FAMILY
139,10 Markbrook Ln #1705,M9V5E3,Toronto,43.7597,-79.588585,619900,2,2,CONDO
140,66 Portland St #607,M5V2M6,Toronto,43.643913,-79.4116,619900,1,1,CONDO
141,222 The Esplanade #602,M5A4M8,Toronto,43.64975,-79.365654,625000,1,2,CONDO
142,1 Hickory Tree Rd #303,M9N3W4,Toronto,43.69813,-79.51368,625000,2,2,CONDO
143,110 Marine Parade Dr #211,M8V0B6,Toronto,43.625294,-79.47797,625000,1,1,CONDO
144,121 McMahon Dr #902,M2K0C1,Toronto,43.767727,-79.3762,628000,1,1,CONDO
145,1100 Kingston Rd #401,M1N0B3,Toronto,43.681454,-79.28247,629900,1,1,CONDO
146,55 Huntingdale Blvd #1603,M1W2N9,Toronto,43.79587,-79.32518,629900,2,2,CONDO
147,16 McAdam Ave W #607,M6A0B9,Toronto,43.722855,-79.45715,639000,1,1,CONDO
148,21 Iceboat Ter #825,M5V4A9,Toronto,43.6444,-79.39719,639000,1,1,CONDO
149,1103 Leslie St #405,M3C4G8,Toronto,43.72276,-79.34794,639000,2,2,CONDO
150,3845 Lake Shore Blvd W #1510,M8W4Y3,Toronto,,,645000,1,2,CONDO
151,500 Saint Clair Ave W #709,M6C1A8,Toronto,,,648000,1,1,CONDO
152,120 Harrison Garden Blvd #212,M2N,Toronto,43.7587,-79.4434,649000,1,1,CONDO
153,135 Leeward Gtwy #306,M3C2Z6,Toronto,43.711792,-79.32778,649000,2,3,TOWNHOUSE
154,60 Shuter St #2110,M5B1B1,Toronto,43.65516,-79.37625,649000,1,1,CONDO
155,1 Palace Pier Ct #4107,M8V3W9,Toronto,,,649000,1,1,CONDO
156,165 Cherokee Blvd #251,M2J4T7,Toronto,43.79244,-79.33577,649000,2,5,TOWNHOUSE
157,14 B York St S #4611,M5J0B1,Toronto,43.641994,-79.381584,649900,1,1,CONDO
158,50 Brian Harrison Way #2404,M1P5J4,Toronto,,,649900,2,2,CONDO
159,159 Dundas East St #2603,M5B0A9,Toronto,43.65687,-79.3759,649900,1,1,CONDO
160,371 Orton Park Rd #90,M1G3V1,Toronto,,,649900,2,4,TOWNHOUSE
161,53 Guestville Ave,M6N4N4,Toronto,43.6833,-79.48873,649900,2,2,SINGLE_FAMILY
162,50 Orchid Place Dr #28,M1B0C4,Toronto,43.79331,-79.237,649999,2,2,TOWNHOUSE
163,390 Cherry St #604,M5A0E2,Toronto,43.6557,-79.35727,650500,1,1,CONDO
164,181 Dundas St E #2609,M5A0N5,Toronto,43.656967,-79.37412,659000,1,1,CONDO
165,50 George Butchart Dr #911,M3K1Y2,Toronto,,,659000,1,1,CONDO
166,8 Eglinton Ave E #4906,M4P0C1,Toronto,,,668000,1,1,CONDO
167,197 Yonge St #1406,M5B1M4,Toronto,,,668800,1,1,CONDO
168,99 The Donway W UNIT 228,M3C0N8,Toronto,,,669000,2,1,CONDO
169,6 Sonic Way #808,M3C0P1,Toronto,43.7216,-79.33666,669900,2,2,CONDO
170,608 Richmond St W UNIT 419,M5V0N9,Toronto,43.646847,-79.4283,670000,1,1,CONDO
171,14 York St UNIT 6611,M5J0B1,Toronto,43.642544,-79.38146,674999,1,1,CONDO
172,1720 Eglinton Ave E #202,M4A2X8,Toronto,43.72638,-79.31152,675000,2,2,CONDO
173,290 Adelaide St W #1802,M5V1N1,Toronto,43.647938,-79.3994,679000,1,1,CONDO
174,4725 Sheppard Ave E UNIT 1602,M1S5B2,Toronto,43.7924,-79.25466,679000,2,2,CONDO
175,30 Meadowglen Pl #2606,M1G2V5,Toronto,,,679900,2,2,CONDO
176,25 Sunrise Ave #402,M4A2S2,Toronto,43.7191,-79.3226,683000,2,3,CONDO
177,68 Grangeway Ave #709,M1H0A1,Toronto,43.77366,-79.249855,683900,2,2,CONDO
178,1121 Bay St #605,M5S3L9,Toronto,43.66837,-79.38844,685000,1,1,CONDO
179,2100 Bridletowne Cir #309,M1W0A6,Toronto,43.79894,-79.31347,688000,2,2,TOWNHOUSE
180,88 Harbour St #5,M5J0C3,Toronto,43.641872,-79.379654,689000,1,1,CONDO
181,88 Harbour St #2405,M5J0C3,Toronto,43.641872,-79.379654,689000,1,1,CONDO
182,2221 Yonge St #4110,M4S0B8,Toronto,43.766,-79.397766,689900,2,1,CONDO
183,29 Rosebank Dr #1809,M1B5Y7,Toronto,43.791588,-79.235374,695000,3,3,TOWNHOUSE
184,586 Renforth Dr #41,M9C2N5,Toronto,43.652874,-79.5887,698000,2,3,TOWNHOUSE
185,88 Scott St #2908,M5E0A9,Toronto,,,698000,1,1,CONDO
186,20 Minowan Miikan Ln #1702,M6J0E5,Toronto,43.64363,-79.42813,699000,2,2,CONDO
187,25 Maitland St #1501,M4Y2W1,Toronto,43.66379,-79.38326,699000,1,2,CONDO
188,88 Grangeway Ave #2007,M1H0A2,Toronto,43.77475,-79.252,699000,2,2,CONDO
189,225 Village Green Sq #507,M1S0N4,Toronto,43.779842,-79.28196,699000,2,2,CONDO
190,133 Wynford Dr #1401,M3C0J5,Toronto,43.72679,-79.328125,699000,2,2,CONDO
191,3121 Sheppard Ave E #1905,M1T0B6,Toronto,,,699000,2,3,CONDO
192,5 Soudan Ave #2605,M4S0B1,Toronto,43.7423,-79.39735,699000,1,1,CONDO
193,856 Danforth Rd,M1K1H5,Toronto,43.72722,-79.2538,699000,2,3,SINGLE_FAMILY
194,115 Omni Dr UNIT 2807,M1P5B4,Toronto,43.771736,-79.26138,699000,2,2,CONDO
195,217 Saint George St TOWNHOUSE 11,M5R3S7,Toronto,43.67218,-79.4125,699000,1,2,TOWNHOUSE
196,509 Beecroft Rd #1216,M2N0A3,Toronto,43.77866,-79.417946,699000,1,1,CONDO
197,3840 Bathurst St #702,M3H6C6,Toronto,43.74112,-79.4358,699000,2,2,CONDO
198,1121 Steeles Ave W PENTHOUSE 107,M2R3W7,Toronto,43.79176,-79.44959,699000,2,2,CONDO
199,29 Rosebank Dr S #802,M1B5Y7,Toronto,43.791588,-79.235374,699000,3,4,TOWNHOUSE
200,95 Palmdale Dr,M1T1P2,Toronto,43.77591,-79.3815,699000,3,4,TOWNHOUSE
201,45 Sunrise Ave #311,M4A2S3,Toronto,,,699000,2,3,CONDO
202,2301 Danforth Ave #306,M4C0A7,Toronto,43.68671,-79.37625,699000,2,2,CONDO
203,255 Village Green Sq #902,M1S0L7,Toronto,43.779655,-79.28293,699000,2,2,CONDO
204,770 Bay St UNIT 1402,M5G0A6,Toronto,43.66137,-79.38587,699000,2,2,CONDO
205,306 Donlands Ave,M4J3R6,Toronto,43.691498,-79.34212,699900,1,2,SINGLE_FAMILY
206,8 Lee Centre Dr #910,M1H3H8,Toronto,43.78823,-79.24764,699900,2,3,CONDO
207,5 Michael Power Pl #1406,M9A0A3,Toronto,43.6444,-79.52869,699900,1,1,CONDO
208,7 Sykes Ave,M9N1C8,Toronto,,,699900,2,3,SINGLE_FAMILY
209,20 Livonia Pl #7,M1E4W6,Toronto,43.78593,-79.2565,699999,3,3,TOWNHOUSE
210,192 Nairn Ave,M6E4H3,Toronto,43.682133,-79.45115,700000,2,2,SINGLE_FAMILY
211,95 Lombard St #505,M5C2V3,Toronto,43.65235,-79.37334,700000,2,1,CONDO
212,20 Thomas Riley Rd #1104,M9B0C3,Toronto,43.63423,-79.5493,719900,2,2,CONDO
213,77 Shuter St #516,M5B0B8,Toronto,,,720000,2,1,CONDO
214,30 Sunrise Ave #411,M4A2R3,Toronto,43.71985,-79.32765,729000,2,4,CONDO
215,51 E Liberty St #1907,M6K,Toronto,43.638138,-79.42845,729000,1,1,CONDO
216,36 Charlotte St PENTHOUSE 1301,M5V3P7,Toronto,43.64664,-79.394264,729000,1,1,CONDO
217,1720 Eglinton Ave E #620,M4A2X8,Toronto,43.72638,-79.31152,729000,3,2,CONDO
218,625 The West Mall PENTHOUSE 5,M9C4W9,Toronto,,,729999,2,3,CONDO
219,1 Michael Power Pl #404,M9A0A1,Toronto,,,735000,2,2,CONDO
220,36 Lisgar St #2016E,M6J0C7,Toronto,43.64174,-79.42332,738000,2,2,CONDO
221,2285 Lake Shore Blvd W #904,M8V3X9,Toronto,43.618717,-79.48554,739000,1,1,CONDO
222,11 Charlotte St #2801,M5V0M6,Toronto,43.64635,-79.39363,745000,1,1,CONDO
223,21 Syracuse Cres,M1E2G7,Toronto,43.75818,-79.18413,749000,2,4,SINGLE_FAMILY
224,40 Mendelssohn St #4,M1L0G8,Toronto,43.715557,-79.28169,749000,2,2,TOWNHOUSE
225,106 Dovercourt Rd #420,M6J0G4,Toronto,43.64316,-79.422485,749000,1,1,CONDO
226,73 Howell Sq,M1B1C3,Toronto,43.79858,-79.221436,749000,4,5,SINGLE_FAMILY
227,300 Mill Rd #A31,M9C4W7,Toronto,43.63892,-79.583984,749000,2,2,CONDO
228,79 Hanson St,M4C5P3,Toronto,43.67984,-79.32119,749000,4,4,SINGLE_FAMILY
229,19 Woodgarden Cres,M1E3K3,Toronto,43.76796,-79.16864,749900,3,2,SINGLE_FAMILY
230,350 Mill Rd #UPH4,M9C5R7,Toronto,,,749900,2,2,CONDO
231,245 Dalesford Rd #316,M8Y4H7,Toronto,43.6267,-79.49616,749988,2,2,CONDO
232,501 Adelaide St W #505,M5V0R3,Toronto,43.64545,-79.4141,749990,1,1,CONDO
233,30 Shore Breeze Dr #3116,M8V0J1,Toronto,,,749991,1,1,CONDO
234,1 Michael Power Pl #911,M9A0A1,Toronto,,,749999,2,2,CONDO
235,5 Old Sheppard Ave #204,M2J4K3,Toronto,,,749999,2,2,CONDO
236,45 McDonald Ave,M1L3Y7,Toronto,43.69788,-79.27615,750000,2,1,SINGLE_FAMILY
237,50 Sunny Glenway #110,M3C2Z2,Toronto,,,750000,2,4,TOWNHOUSE
238,6 Minto St,M4L1B6,Toronto,,,750000,2,3,SINGLE_FAMILY
239,955 Bay St #322,M5S0C6,Toronto,43.66483,-79.38696,758800,1,1,CONDO
240,300 Balliol St #508,M4S3G6,Toronto,43.699455,-79.3879,759000,2,2,CONDO
241,385 Osler St #208,M6N0B2,Toronto,,,759000,2,2,CONDO
242,30 Meadowglen Pl #609,M1G0A6,Toronto,43.77459,-79.2349,759900,2,2,CONDO
243,89 Dunfield Ave #3406,M4S0A4,Toronto,43.76955,-79.3952,764900,1,1,CONDO
244,5765 Yonge St #503,M2M4H9,Toronto,,,768000,2,2,CONDO
245,441 Jane St #109,M6S3Z9,Toronto,43.65986,-79.4884,769000,2,2,TOWNHOUSE
246,159 Dundas St E #609,M5B0A9,Toronto,43.65683,-79.3759,769900,2,2,CONDO
247,775 King St W #426,M5V2K3,Toronto,43.64313,-79.4624,779000,1,1,CONDO
248,11 Bogert Ave PENTHOUSE 3301,M2N0H4,Toronto,43.7633,-79.41165,785000,2,1,CONDO
249,85 Wood St #2108,M4Y0E8,Toronto,,,785000,1,1,CONDO
250,2059 Weston Rd #44,M9N1X7,Toronto,43.72477,-79.52264,785000,3,3,TOWNHOUSE
251,11 Checkers Ct,M3N1P9,Toronto,43.76777,-79.52685,788000,2,3,SINGLE_FAMILY
252,225 Village Green Sq #3008,M1S0N4,Toronto,43.779842,-79.28196,788900,2,2,CONDO
253,1029 King St W #1016,M6K3M9,Toronto,43.64995,-79.41626,789000,1,1,CONDO
254,9 Ladysbridge Dr,M1G3H5,Toronto,,,790000,2,4,SINGLE_FAMILY
255,525 Wilson Ave #212,M3H0A7,Toronto,43.734467,-79.44637,795000,2,2,CONDO
256,18 Graydon Hall Dr UNIT 1803,M3A0A2,Toronto,43.762714,-79.34648,798000,2,2,CONDO
257,20 Bruyeres Mews #2011,M5V0G8,Toronto,43.63751,-79.458,799000,1,1,CONDO
258,34 Clematis Rd,M2J4X2,Toronto,,,799000,2,4,SINGLE_FAMILY
259,58 Bushmills Sq,M1V1J4,Toronto,43.874,-79.278885,799000,3,3,SINGLE_FAMILY
260,2778 Saint Clair Ave E,M4B1M9,Toronto,43.771,-79.3629,799000,2,2,SINGLE_FAMILY
261,200 Manitoba St #401,M8Y3Y9,Toronto,43.62433,-79.49974,799000,2,1,CONDO
262,928 Eastern Ave,M4L1A4,Toronto,43.66295,-79.32418,799000,1,4,TOWNHOUSE
263,4 Princeway Dr,M1R2V9,Toronto,43.749714,-79.3992,799000,2,3,SINGLE_FAMILY
264,102 Quantrell Trl,M1B1L8,Toronto,43.83295,-79.21531,799000,4,3,TOWNHOUSE
265,275 Broadview Ave #40,M4M3H5,Toronto,43.663628,-79.3515,799000,1,3,TOWNHOUSE
266,1 Rowntree Rd #306,M9V5G7,Toronto,43.75125,-79.58286,799000,2,2,CONDO
267,20 Minowan Miikan Ln #1031,M6J0E5,Toronto,43.64363,-79.42813,799000,2,2,CONDO
268,789 Adelaide St W,M6J1B3,Toronto,43.64377,-79.4937,799000,1,2,TOWNHOUSE
269,111 Merton St #410,M4S3A7,Toronto,43.696453,-79.39334,799000,2,2,CONDO
270,39 Mondeo Dr,M1P5B6,Toronto,43.76594,-79.28816,799800,3,4,TOWNHOUSE
271,30 Beechwood Ave,M6N4T1,Toronto,,,799900,2,3,SINGLE_FAMILY
272,6225 Lawrence Ave E,M1C5G4,Toronto,43.783,-79.13361,799900,4,3,TOWNHOUSE
273,368A Dundas St E,M5A2A3,Toronto,43.65996,-79.368935,799900,2,2,TOWNHOUSE
274,10 Brin Dr #TOWNHOUSE,M8X1Y6,Toronto,43.661182,-79.512566,799900,2,3,TOWNHOUSE
275,72 Prosperity Ptwy,M1B4G7,Toronto,43.811195,-79.21862,799900,4,3,SINGLE_FAMILY
276,1918 Saint Clair Ave W,M6N1K1,Toronto,43.6738,-79.466774,799900,2,3,TOWNHOUSE
277,17 Dundonald St UNIT 607,M4Y0E4,Toronto,,,799980,1,2,CONDO
278,170 Lambton Ave,M6N2S9,Toronto,43.68237,-79.49429,799999,3,4,SINGLE_FAMILY
279,8 Rean Dr #705,M2K3B9,Toronto,43.765854,-79.38277,799999,2,2,CONDO
280,1007 The Queensway,M8Z6C7,Toronto,43.62316,-79.515976,809000,1,1,CONDO
281,98 Tower Dr,M1R3P2,Toronto,43.74976,-79.39,828000,2,3,SINGLE_FAMILY
282,100 Upper Madison Ave #805,M2N6M4,Toronto,43.764236,-79.41274,828000,2,2,CONDO
283,5168 Yonge St #2601,M2N0G1,Toronto,43.769886,-79.413536,828800,1,1,CONDO
284,2460 Eglinton Ave E PENTHOUSE 12,M1K5J7,Toronto,43.73414,-79.26264,829000,2,2,CONDO
285,300 Broadway Ave,M4P1W3,Toronto,43.71251,-79.38542,829900,2,3,SINGLE_FAMILY
286,1131 Sandhurst Cir #141,M1V1V5,Toronto,43.811153,-79.267586,838000,2,3,TOWNHOUSE
287,75 Portland St #327,M5V2M9,Toronto,43.6439,-79.39948,848000,1,1,CONDO
288,832 Bay St #602,M5S1Z6,Toronto,43.66225,-79.38654,848000,2,2,CONDO
289,85 Lakeland Dr,M9V1M8,Toronto,43.73674,-79.57357,849000,3,4,SINGLE_FAMILY
290,16 Guildpark Ptwy,M1J3P1,Toronto,43.749535,-79.2746,849000,3,3,CONDO
291,157 Hannaford St,M4E3G9,Toronto,43.68566,-79.29297,849000,1,2,SINGLE_FAMILY
292,16 Guildpark Ptwy #16,M1J3P1,Toronto,43.749535,-79.2746,849000,3,3,CONDO
293,25 Acorn Ave,M9B3P7,Toronto,43.63916,-79.5458,849000,1,2,SINGLE_FAMILY
294,23 Lorraine Dr #RG17,M2N6Z6,Toronto,,,849000,2,2,CONDO
295,52 Coulter Ave,M9N1P6,Toronto,,,849000,2,3,SINGLE_FAMILY
296,16 Bailey Cres,M1G2P3,Toronto,,,849000,2,3,SINGLE_FAMILY
297,5 Soudan Ave #1009,M4S0B1,Toronto,43.7423,-79.39735,849800,2,2,CONDO
298,40 Keelegate Dr,M3K1X8,Toronto,43.73377,-79.481834,849900,2,3,SINGLE_FAMILY
299,64 Fordover Dr,M1E1V2,Toronto,43.7565,-79.17555,849900,2,3,SINGLE_FAMILY
300,31 Rosedale Rd #106,M4W2P5,Toronto,43.67634,-79.38384,849900,2,3,CONDO
301,15 Cultra Sq,M1E2C8,Toronto,,,849900,2,3,SINGLE_FAMILY
302,48 Habitant Dr,M9M2P1,Toronto,43.74162,-79.53747,849900,2,3,SINGLE_FAMILY
303,580 Lansdowne Ave,M6H3Y6,Toronto,43.66446,-79.443794,849999,2,3,SINGLE_FAMILY
304,111 Saint Clair Ave W UNIT 508,M4V1N5,Toronto,43.68665,-79.39951,850000,2,1,CONDO
305,90 Dunthorne Ct,M1B2S9,Toronto,43.84623,-79.231,859000,2,3,TOWNHOUSE
306,10 Wellesley Pl #104,M4Y1B1,Toronto,43.667686,-79.37736,869000,2,1,CONDO
307,11 Pont Ln,M9N0A7,Toronto,43.7754,-79.5377,869999,2,3,TOWNHOUSE
308,812 Burnhamthorpe Rd #1909,M9C4W1,Toronto,43.6457,-79.58135,874700,2,3,CONDO
309,219 Fort York Blvd #208,M5V1B1,Toronto,43.63716,-79.4558,874888,2,1,CONDO
310,380 Macpherson Ave #213,M4V3E3,Toronto,43.67654,-79.4561,874900,2,2,CONDO
311,2240 Lake Shore Blvd W #1107,M8V0B1,Toronto,43.621227,-79.48332,874900,2,2,CONDO
312,26 Livingston Rd UNIT 142,M1E4S4,Toronto,43.74248,-79.19796,875000,3,4,TOWNHOUSE
313,144 Rory Rd,M6L3G4,Toronto,43.7271,-79.48532,885000,3,3,TOWNHOUSE
314,8 Eglinton Ave E #1505,M4P0C1,Toronto,43.7785,-79.39774,888000,2,2,CONDO
315,5 Northtown Way UNIT 1102,M2N7A1,Toronto,43.775124,-79.41383,889000,2,2,CONDO
316,219 Donlands Ave,M4J3P9,Toronto,,,895000,2,2,SINGLE_FAMILY
317,650 Sheppard Ave E PENTHOUSE 8,M2K3E4,Toronto,43.768585,-79.38143,898000,2,2,CONDO
318,23 Valhalla Inn Rd #47,M9B0B3,Toronto,43.64644,-79.558815,898000,3,3,TOWNHOUSE
319,25 Moorefield Dr,M1C5B5,Toronto,43.78827,-79.1352,898800,4,3,SINGLE_FAMILY
320,763 Bay St #603,M5G2R3,Toronto,43.65995,-79.38495,898900,2,1,CONDO
321,68 Harvie Ave,M6E4K3,Toronto,43.678413,-79.45935,899000,2,3,SINGLE_FAMILY
322,58 Fuller Ave,M6R2C3,Toronto,43.64193,-79.448,899000,2,3,SINGLE_FAMILY
323,102 Springdale Blvd,M4J1W9,Toronto,43.68695,-79.32819,899000,2,2,SINGLE_FAMILY
324,32 Anticosti Dr,M1J1V5,Toronto,43.75248,-79.259,899000,2,3,SINGLE_FAMILY
325,379 Scarborough Rd,M4E3N1,Toronto,43.68343,-79.287994,899000,2,3,SINGLE_FAMILY
326,435 Richmond St W #207,M5V0N3,Toronto,43.64768,-79.39692,899000,2,2,CONDO
327,844 Danforth Rd,M1K1H5,Toronto,43.726513,-79.25346,899000,3,3,SINGLE_FAMILY
328,16 Church St,M9N1M3,Toronto,43.73594,-79.52486,899000,2,4,SINGLE_FAMILY
329,30 Grand Trunk Cres #3306,M5J3A4,Toronto,43.64282,-79.38281,899000,2,2,CONDO
330,16 Nightingale Pl,M1G2E8,Toronto,43.76464,-79.214,899000,4,5,SINGLE_FAMILY
331,65 Huntingdale Blvd #1405,M1W2P1,Toronto,,,899000,2,2,CONDO
332,92 26th St,M8V3S1,Toronto,43.632,-79.52637,899000,1,2,SINGLE_FAMILY
333,2 Thomas Mulholland Dr,M3K0B5,Toronto,43.736862,-79.47636,899000,3,3,TOWNHOUSE
334,47 Wintergreen Rd,M3M2H9,Toronto,43.725964,-79.48916,899000,2,4,SINGLE_FAMILY
335,21 5th St,M8V2Z1,Toronto,43.59717,-79.515,899900,2,3,SINGLE_FAMILY
336,20 Winston Ave,M1N1W3,Toronto,43.6843,-79.2848,899900,2,2,SINGLE_FAMILY
337,26 Arlene Cres,M1P3L9,Toronto,43.7634,-79.26538,899900,2,5,SINGLE_FAMILY
338,36 Pritchard Ave,M6N1T3,Toronto,43.67715,-79.48868,899900,2,4,SINGLE_FAMILY
339,103 Lynvalley Cres,M1R2V1,Toronto,43.752544,-79.3932,899900,2,3,SINGLE_FAMILY
340,80 John St #2201,M5V3X4,Toronto,43.64684,-79.3927,899999,2,2,CONDO
341,56 Hickson St,M6K1T3,Toronto,,,899999,1,2,TOWNHOUSE
342,361 Front St W #2708,M5V3R5,Toronto,43.64397,-79.39164,899999,2,2,CONDO
343,24 Glenda Rd,M1M2H4,Toronto,43.7414,-79.22192,900000,3,4,SINGLE_FAMILY
344,15 Windermere Ave #1610,M6S5A2,Toronto,43.636944,-79.46893,900000,2,3,CONDO
345,50 Fanfare Ave,M1C2N2,Toronto,43.79118,-79.1386,918000,2,3,SINGLE_FAMILY
346,17 Caddy Dr,M1G2E9,Toronto,43.763973,-79.21324,924900,2,3,SINGLE_FAMILY
347,21 Willowhurst Cres,M1R3R7,Toronto,43.75516,-79.29537,928000,2,3,SINGLE_FAMILY
348,15 Grenville St #4810,M4Y0B9,Toronto,,,928000,1,1,CONDO
349,1030 King St W #441,M6K0B4,Toronto,43.64159,-79.415764,929000,2,2,CONDO
350,7 King St E #2206,M5C3C5,Toronto,43.649178,-79.3771,935000,2,2,CONDO
351,18 Sommerset Way #702,M2N6X5,Toronto,43.77653,-79.412445,935000,2,2,CONDO
352,54 Venetian Cres,M3N2L8,Toronto,43.754654,-79.51544,935000,2,3,SINGLE_FAMILY
353,15 Grenville St #4901,M4Y0B9,Toronto,43.66178,-79.38422,939000,1,1,CONDO
354,7 Grenville St #1003,M4Y0E9,Toronto,43.661762,-79.38363,939900,2,2,CONDO
355,980 Broadview Ave #205,M4K3Y1,Toronto,43.68231,-79.35795,940000,2,3,CONDO
356,45 Southlawn Dr,M1S1H9,Toronto,43.79661,-79.28926,948800,2,4,SINGLE_FAMILY
357,359 Harvie Ave,M6E4L6,Toronto,,,949000,2,1,SINGLE_FAMILY
358,2330 Bridletowne Cir #503,M1W3P6,Toronto,43.799667,-79.31624,949000,3,3,CONDO
359,50 Aileen Ave N,M6M1E6,Toronto,43.68549,-79.46486,949000,2,3,SINGLE_FAMILY
360,110 Jim Baird Mews,M3L0C4,Toronto,43.72774,-79.52298,949000,3,3,TOWNHOUSE
361,87 Allenby Ave,M9W1S7,Toronto,43.712788,-79.546394,949888,2,4,SINGLE_FAMILY
362,136 Times Rd,M6B3M2,Toronto,43.7161,-79.446526,949900,2,2,SINGLE_FAMILY
363,16 Brightview Cres,M1E3Y7,Toronto,,,949900,2,3,SINGLE_FAMILY
364,4 Beaumonde Heights Dr,M9V1V8,Toronto,43.7425,-79.5741,949900,2,3,SINGLE_FAMILY
365,55 Centre Ave #1103,M5G2H5,Toronto,,,949900,2,2,CONDO
366,30 Huddleston Ct,M1L4L2,Toronto,43.7711,-79.27226,949900,2,3,SINGLE_FAMILY
367,552 Sandhurst Cir,M1S4J6,Toronto,43.85866,-79.26312,950000,2,3,TOWNHOUSE
368,75 Upper Canada Dr #4,M2P2A2,Toronto,,,950000,2,2,TOWNHOUSE
369,991 Kipling Ave,M9B3L3,Toronto,43.64353,-79.53585,955000,1,2,SINGLE_FAMILY
370,50 Charles St E #1805,M4Y0C3,Toronto,,,959000,1,2,CONDO
371,675 Brimley Rd,M1J1C1,Toronto,43.74569,-79.25178,959800,2,2,SINGLE_FAMILY
372,12 Mansfield Ave,M6J2B1,Toronto,43.653854,-79.41238,969000,2,3,TOWNHOUSE
373,67 Elana Dr,M3N2C1,Toronto,43.756294,-79.51994,979000,2,3,SINGLE_FAMILY
374,824 Gerrard St E,M4M1Y7,Toronto,43.667645,-79.3439,980000,3,5,SINGLE_FAMILY
375,55 Grassington Cres,M1G1X4,Toronto,43.7688,-79.22361,988000,2,3,SINGLE_FAMILY
376,53 Valley Stream Dr,M1V2A4,Toronto,43.8258,-79.26434,988000,3,3,TOWNHOUSE
377,19 Embro Dr,M3H2M7,Toronto,43.74892,-79.45821,995000,2,2,SINGLE_FAMILY
378,386 Renforth Dr,M9C2M2,Toronto,,,997000,3,4,SINGLE_FAMILY
379,770 Bay St #1001,M5G0A6,Toronto,43.66137,-79.38587,998000,2,2,CONDO
380,163 Chipwood Cres,M2J3X6,Toronto,43.79192,-79.3472,998000,4,4,SINGLE_FAMILY
381,249 Bicknell Ave,M6M4H2,Toronto,43.68922,-79.4767,998000,2,2,SINGLE_FAMILY
382,14 Hiltz Ave,M4L2N5,Toronto,43.66459,-79.326675,998800,1,3,SINGLE_FAMILY
383,33 Northleigh Dr,M1H2S3,Toronto,43.768963,-79.24974,998800,3,3,SINGLE_FAMILY
384,26 Schmirler Ter,M1E5K6,Toronto,43.791332,-79.196335,998800,3,4,SINGLE_FAMILY
385,22 Western Battery Rd #119,M6K3N9,Toronto,,,998888,2,2,TOWNHOUSE
386,115 Neames Cres,M3L1K8,Toronto,43.72842,-79.51234,998900,3,3,SINGLE_FAMILY
387,138 Hatherley Rd,M6E1W5,Toronto,,,999000,2,3,SINGLE_FAMILY
388,12 Massingham Rd,M9B5T6,Toronto,43.667282,-79.56149,999000,2,3,SINGLE_FAMILY
389,98 Saint Hubert Ave,M4J3Z5,Toronto,,,999000,1,2,SINGLE_FAMILY
390,1392 Islington Ave,M9A3K7,Toronto,43.655254,-79.52845,999000,1,3,SINGLE_FAMILY
391,30 Billington Cres,M3A2G6,Toronto,43.76689,-79.3355,999000,2,4,SINGLE_FAMILY
392,27 Oakridge Dr,M1M2A5,Toronto,43.727238,-79.24191,999000,2,4,SINGLE_FAMILY
393,90 Merryfield Dr,M1P1K2,Toronto,43.75384,-79.27828,999000,2,3,SINGLE_FAMILY
394,14 Dewhurst Blvd #302,M4J3H9,Toronto,43.6856,-79.33998,999000,2,1,CONDO
395,30 Endean Ave,M4M1W6,Toronto,43.66998,-79.3339,999000,3,5,SINGLE_FAMILY
396,34 Mozart Ave,M1K2V9,Toronto,43.7377,-79.283,999000,2,3,SINGLE_FAMILY
397,275 Queensdale Ave,M4C2B3,Toronto,43.68937,-79.328,999000,2,2,SINGLE_FAMILY
398,29 Bexley Cres,M6N2P6,Toronto,43.68,-79.49925,999000,2,3,SINGLE_FAMILY
399,58 Amroth Ave,M4C4H2,Toronto,43.68517,-79.31152,999000,2,2,SINGLE_FAMILY
400,68 Lesmount Ave,M4J3V6,Toronto,43.69255,-79.341385,999000,2,3,SINGLE_FAMILY
401,29 Mulock Ave,M6N3C3,Toronto,43.6693,-79.4646,999000,2,5,SINGLE_FAMILY
402,2 Lynch Rd,M2J2V5,Toronto,43.786217,-79.3613,999000,2,3,SINGLE_FAMILY
403,447 Mortimer Ave,M4J2G3,Toronto,43.68896,-79.33322,999000,1,3,SINGLE_FAMILY
404,119 Crocus Dr,M1R4T4,Toronto,43.766895,-79.37144,999000,2,3,SINGLE_FAMILY
405,150 Heward Ave,M4M2T7,Toronto,43.65952,-79.33849,999000,1,2,SINGLE_FAMILY
406,21 Haverson Blvd,M6M3J5,Toronto,43.68732,-79.464935,999000,2,2,SINGLE_FAMILY
407,5 Marine Parade Dr #414,M8V4B4,Toronto,43.629753,-79.47548,999000,2,2,CONDO
408,8 Norbrook Cres,M9V4P8,Toronto,43.732132,-79.6426,999000,4,3,SINGLE_FAMILY
409,30 Roehampton Ave #709,M4P0B9,Toronto,43.7848,-79.39752,999000,2,2,CONDO
410,176 Clifton Ave,M3H4L7,Toronto,,,999000,6,4,SINGLE_FAMILY
411,23 Sheppard Ave E UNIT 1410,M2N0C8,Toronto,43.7696,-79.494,999000,2,2,CONDO
412,29 Corbett Ave,M6N1V3,Toronto,43.67119,-79.48852,999888,2,3,SINGLE_FAMILY
413,957 Danforth Rd,M1K1J2,Toronto,43.73312,-79.25786,999900,2,3,SINGLE_FAMILY
414,111 Caroline Ave,M4M2X6,Toronto,43.661777,-79.33495,999900,1,3,SINGLE_FAMILY
415,62 Hadrian Dr,M9W1V4,Toronto,43.716152,-79.54847,999900,2,3,SINGLE_FAMILY
416,196 Fern Ave,M6R1K4,Toronto,43.644596,-79.44939,999900,2,4,SINGLE_FAMILY
417,75 Rameau Dr #3,M2H1T6,Toronto,43.792233,-79.36156,999988,3,3,CONDO
418,701 Royal York Rd,M8Y2T3,Toronto,43.632755,-79.5495,999990,4,4,SINGLE_FAMILY
419,29 Nelson St,M1J3K8,Toronto,43.746124,-79.23192,999999,4,3,SINGLE_FAMILY
420,286 Hillmount Ave,M6B1Y4,Toronto,43.7813,-79.44441,999999,3,5,SINGLE_FAMILY
421,1896 Gerrard St E,M4L2C1,Toronto,,,999999,3,3,SINGLE_FAMILY
422,11 Brantwood Dr N,M1H2G5,Toronto,43.762447,-79.24669,999999,2,3,SINGLE_FAMILY
423,2 Thurrock Rd,M3L1P6,Toronto,,,999999,3,3,SINGLE_FAMILY
424,33 Tweedrock Cres,M1E4L4,Toronto,43.793755,-79.2562,999999,3,3,SINGLE_FAMILY
425,18 William Carson Cres #209,M2P2G6,Toronto,43.749397,-79.47166,1038000,2,2,CONDO
426,158 William Duncan Rd,M3K0C1,Toronto,,,1038000,3,3,TOWNHOUSE
427,117 Warden Ave,M1N2Z5,Toronto,43.68595,-79.26994,1049000,2,2,SINGLE_FAMILY
428,55 Myrtle Ave,M4M2A4,Toronto,43.671852,-79.33419,1049000,1,2,SINGLE_FAMILY
429,72 13th St,M8V3H6,Toronto,43.59727,-79.51128,1049000,2,3,SINGLE_FAMILY
430,20 Bigham Cres,M9C5C6,Toronto,,,1050000,2,3,SINGLE_FAMILY
431,82 Ainsdale Rd,M1R3Z2,Toronto,,,1050000,2,3,SINGLE_FAMILY
432,38 Poucher St,M4J2Y9,Toronto,43.67834,-79.3472,1070000,2,2,SINGLE_FAMILY
433,32 Etienne St,M1L0A4,Toronto,43.7673,-79.274185,1075000,3,3,TOWNHOUSE
434,576 Front St W #1508E,M5V0P8,Toronto,43.641136,-79.474,1079000,2,2,CONDO
435,38 Samson Cres,M1G1N4,Toronto,43.76112,-79.2615,1079000,2,3,SINGLE_FAMILY
436,40 Rodeo Ptwy,M1N4C9,Toronto,,,1079900,3,2,TOWNHOUSE
437,8 York St #3112,M5J2Y2,Toronto,,,1080000,2,2,CONDO
438,15 Dalbret Cres,M1T2X2,Toronto,43.791794,-79.3476,1088000,3,4,SINGLE_FAMILY
439,34 Emmeline Cres,M1S1L2,Toronto,43.794613,-79.287476,1088000,4,3,SINGLE_FAMILY
440,107 Hawkshead Cres,M1W2Z4,Toronto,43.89177,-79.31293,1088000,3,3,SINGLE_FAMILY
441,6 Coppermill Dr,M9W3Z2,Toronto,43.71997,-79.56454,1089000,4,5,SINGLE_FAMILY
442,100 Frankdale Ave,M4J4A3,Toronto,43.68929,-79.33712,1089000,2,2,SINGLE_FAMILY
443,115 Blue Jays Way #1902,M5V0N4,Toronto,43.645622,-79.39193,1099000,2,3,CONDO
444,1863 Queen St E PENTHOUSE 516,M4L3Y6,Toronto,,,1099000,2,2,CONDO
445,122 Portsdown Rd,M1P1V5,Toronto,43.757484,-79.28432,1099000,5,5,SINGLE_FAMILY
446,34 Unsworth Ave,M5M3C5,Toronto,,,1099000,1,3,SINGLE_FAMILY
447,28 Nortonville Dr,M1T2G8,Toronto,43.78133,-79.36755,1099000,4,4,SINGLE_FAMILY
448,2522 Lake Shore Blvd W,M8V1E1,Toronto,43.611427,-79.4934,1099000,3,3,SINGLE_FAMILY
449,31 Applefield Dr,M1P3Y1,Toronto,43.76323,-79.2673,1099000,2,4,SINGLE_FAMILY
450,20 Trolley Cres UNIT 209,M5A0H4,Toronto,43.656322,-79.35446,1099000,3,2,TOWNHOUSE
451,249 Highfield Rd,M4L2V4,Toronto,43.672474,-79.3255,1099000,2,3,SINGLE_FAMILY
452,7 Buckley Cres,M9R3K4,Toronto,43.6816,-79.55986,1099000,2,3,SINGLE_FAMILY
453,16 Jersey Ave,M6G3A3,Toronto,43.658794,-79.416245,1099000,3,3,SINGLE_FAMILY
454,15 Hallbank Ter,M1S2V8,Toronto,43.78818,-79.26114,1099900,6,4,SINGLE_FAMILY
455,274 Beech Ave,M4E3J2,Toronto,43.67779,-79.28999,1129000,2,3,SINGLE_FAMILY
456,115 Denison Ave #410,M5T2N1,Toronto,,,1140000,1,1,CONDO
457,302 Montrose Ave,M6G3G8,Toronto,43.65828,-79.41929,1149000,3,3,SINGLE_FAMILY
458,880 Grandview Way #1005,M2N7B2,Toronto,,,1149000,3,3,CONDO
459,135 Morse St,M4M2P9,Toronto,43.659153,-79.34385,1149000,2,3,TOWNHOUSE
460,8 Littleleaf Dr,M1B1Z1,Toronto,43.822,-79.231445,1149900,3,3,SINGLE_FAMILY
461,52 Firstbrooke Rd,M4E2L1,Toronto,43.678528,-79.3654,1149900,1,3,SINGLE_FAMILY
462,40 Amiens Rd,M1E3S8,Toronto,,,1150000,2,3,SINGLE_FAMILY
463,6 Struthers St,M8V1Y1,Toronto,43.69383,-79.495865,1150000,2,2,SINGLE_FAMILY
464,17 Fordover Dr,M1E1T7,Toronto,,,1150000,2,3,SINGLE_FAMILY
465,10 Capreol Ct #1809,M5V4B3,Toronto,43.64266,-79.3961,1156000,2,3,CONDO
466,1 Windal Ave,M9N2C2,Toronto,43.7545,-79.52685,1169000,2,3,SINGLE_FAMILY
467,3 Berner Trl,M1B1A8,Toronto,43.8514,-79.22636,1169900,2,3,SINGLE_FAMILY
468,1101 Leslie St #403,M3C4G3,Toronto,,,1175000,2,2,CONDO
469,162 Oakridge Dr,M1M2A8,Toronto,43.732437,-79.233696,1175000,2,2,SINGLE_FAMILY
470,26 Stamford Sq S,M1L1X3,Toronto,43.71137,-79.29362,1175000,2,3,SINGLE_FAMILY
471,25 Knowlton Dr,M1M2G8,Toronto,43.738888,-79.22145,1185000,2,3,SINGLE_FAMILY
472,28 Parkington Cres,M1H2T7,Toronto,,,1188000,3,4,SINGLE_FAMILY
473,566 Gladstone Ave,M6H3J2,Toronto,43.66192,-79.435135,1189000,3,3,SINGLE_FAMILY
474,282 Jeffcoat Dr,M9W3E5,Toronto,43.718952,-79.58962,1189000,2,3,SINGLE_FAMILY
475,90 Donegall Dr,M4G3G8,Toronto,43.7763,-79.37483,1190000,2,3,SINGLE_FAMILY
476,24 A Cedar Brae Blvd,M1J2K3,Toronto,43.74297,-79.23355,1190088,2,3,SINGLE_FAMILY
477,823 Dupont St,M6G1Z7,Toronto,43.672,-79.42747,1198000,3,3,SINGLE_FAMILY
478,10 Yonge St #3111,M5E1R4,Toronto,,,1198000,2,2,CONDO
479,18 Concorde Pl PENTHOUSE 3,M3C3T9,Toronto,43.731415,-79.32857,1199000,2,2,CONDO
480,8818 Sheppard Ave E,M1B6J4,Toronto,43.8554,-79.18544,1199000,4,4,TOWNHOUSE
481,1 Millview Cres,M9W3K4,Toronto,43.723248,-79.59154,1199000,2,4,SINGLE_FAMILY
482,1211 Broadview Ave,M4K2T1,Toronto,43.689976,-79.35482,1199000,3,3,SINGLE_FAMILY
483,177 Hastings Ave,M4L2L5,Toronto,43.66846,-79.3318,1199000,3,3,SINGLE_FAMILY
484,52 Whitley Ave,M3K1A2,Toronto,43.728443,-79.46274,1199000,2,3,SINGLE_FAMILY
485,113 Natal Ave,M1N3V8,Toronto,,,1199000,3,3,SINGLE_FAMILY
486,73 Heale Ave,M1N3X9,Toronto,,,1199900,5,4,SINGLE_FAMILY
487,272 Harvie Ave,M6E4K6,Toronto,43.683147,-79.45284,1199988,2,3,SINGLE_FAMILY
488,57 Saint Joseph St #419,M5S0C5,Toronto,43.665386,-79.3882,1200000,2,2,CONDO
489,116 Seaton St,M5A2T3,Toronto,,,1200000,4,4,MULTI_FAMILY
490,85 Queens Wharf Rd #TOWNHOUSE,M5V0J9,Toronto,43.638832,-79.398834,1200000,3,3,TOWNHOUSE
491,118 Hamilton St,M4M2C8,Toronto,43.66159,-79.35221,1209000,3,4,SINGLE_FAMILY
492,115 Denison Ave #315,M5T2N1,Toronto,,,1215000,2,2,CONDO
493,88 N Edgely Ave,M1K1T7,Toronto,,,1225000,2,3,SINGLE_FAMILY
494,49 Dryden Way,M9R0B2,Toronto,,,1229000,3,3,TOWNHOUSE
495,908 Logan Ave,M4K3E4,Toronto,43.678417,-79.34995,1239000,2,2,SINGLE_FAMILY
496,1236 Gerrard St E,M4L1Y6,Toronto,43.671,-79.3289,1248000,3,4,SINGLE_FAMILY
497,27 Bertmount Ave,M4M2X8,Toronto,43.66324,-79.33498,1249000,2,2,SINGLE_FAMILY
498,10 Buller Ave #TOWNHOUSE,M4L1C1,Toronto,43.66699,-79.3447,1249000,2,3,TOWNHOUSE
499,144 Rosemount Ave,M6H2M9,Toronto,43.676327,-79.44347,1249000,2,3,SINGLE_FAMILY
500,65 Maria St,M6P1W1,Toronto,43.66617,-79.475464,1249000,3,3,SINGLE_FAMILY
501,115 McMahon Dr #1511,M2K0E3,Toronto,,,1249000,2,3,CONDO
502,36 Wayland Ave,M4E3C7,Toronto,43.68284,-79.2953,1249000,2,4,SINGLE_FAMILY
503,11 Bush Dr,M1C1G7,Toronto,43.78417,-79.17187,1249900,2,3,SINGLE_FAMILY
504,42 Bigham Cres,M9C5C6,Toronto,43.662136,-79.58729,1249900,2,3,SINGLE_FAMILY
505,65 Harbour Sq #1303,M5J2L4,Toronto,43.649,-79.3786,1250000,1,1,CONDO
506,223 Park Lawn Rd,M8Y3J3,Toronto,43.63151,-79.49114,1250000,3,3,SINGLE_FAMILY
507,25 Sunfield Rd,M3M2T9,Toronto,,,1250000,2,3,SINGLE_FAMILY
508,1830 Bloor St W #712,M6P0A2,Toronto,43.654354,-79.4632,1265000,2,2,CONDO
509,7 Hanson Rd,M6E1T2,Toronto,,,1274900,2,3,SINGLE_FAMILY
510,26A Sandstone Ln,M4J4Z9,Toronto,43.676414,-79.3281,1285000,2,4,SINGLE_FAMILY
511,36 Grant St,M4M2H5,Toronto,43.6617,-79.3491,1288000,2,4,SINGLE_FAMILY
512,170 Hillside Ave,M8V1T4,Toronto,43.69535,-79.49915,1288000,2,3,SINGLE_FAMILY
513,902 Woodbine Ave,M4C4B5,Toronto,43.684155,-79.3124,1288888,3,3,SINGLE_FAMILY
514,166 Eileen Ave,M6N1W1,Toronto,43.667282,-79.5319,1289000,2,3,SINGLE_FAMILY
515,127 Regent Rd,M3K1H5,Toronto,43.73122,-79.46729,1289900,3,3,SINGLE_FAMILY
516,159 Emerson Ave,M6H3T4,Toronto,43.66478,-79.44267,1295000,2,3,TOWNHOUSE
517,7 Brimley Rd S,M1M3W3,Toronto,43.76276,-79.231865,1298000,2,3,SINGLE_FAMILY
518,106 Tecumseth St,M6J2H1,Toronto,43.644257,-79.4589,1298000,2,3,TOWNHOUSE
519,56 Brampton Rd,M9R3J7,Toronto,43.684193,-79.5614,1298888,2,2,SINGLE_FAMILY
520,132 Janray Dr,M1G1Y9,Toronto,43.76874,-79.21992,1299000,3,3,SINGLE_FAMILY
521,56 Cedarvale Ave,M4C4J4,Toronto,43.685246,-79.3157,1299000,4,3,SINGLE_FAMILY
522,21 Eastwood Ave,M1N3G9,Toronto,43.691128,-79.26728,1299000,3,3,SINGLE_FAMILY
523,24 Coe Hill Dr,M6S3C8,Toronto,43.638416,-79.4695,1299000,2,3,SINGLE_FAMILY
524,2150 Bayview Ave,M4N0A4,Toronto,43.72322,-79.37969,1299000,3,3,TOWNHOUSE
525,8 Harris Ave,M4C1P4,Toronto,43.68797,-79.3724,1299000,3,3,SINGLE_FAMILY
526,8 Packard Blvd W,M1P4K1,Toronto,43.76597,-79.25159,1299000,3,4,SINGLE_FAMILY
527,35 Mervyn Ave,M9B1N2,Toronto,43.64283,-79.53989,1299900,2,4,SINGLE_FAMILY
528,14 Ptarmigan Cres,M3A1W3,Toronto,43.75698,-79.32218,1299900,2,3,SINGLE_FAMILY
529,47 Tommy Douglas Gdns,M6B4N3,Toronto,43.721,-79.44828,1299900,3,3,TOWNHOUSE
530,845 Dovercourt Rd,M6H2X4,Toronto,,,1299999,3,5,MULTI_FAMILY
531,22 Schubert Dr,M1E1Y7,Toronto,43.751984,-79.187195,1299999,2,4,SINGLE_FAMILY
532,119 Curzon St,M4M3B3,Toronto,,,1300000,2,3,SINGLE_FAMILY
533,774 Manning Ave,M6G2W6,Toronto,,,1300000,0,0,LOT
534,36 Woodrow Ave,M4C5S2,Toronto,43.682426,-79.32169,1300000,4,3,SINGLE_FAMILY
535,313 Milverton Blvd,M4J1V8,Toronto,43.685455,-79.329384,1328000,2,4,SINGLE_FAMILY
536,322 McRoberts Ave,M6E4P9,Toronto,43.68372,-79.457146,1336000,3,3,SINGLE_FAMILY
537,32 Wiley Ave,M4J3W4,Toronto,43.685276,-79.33738,1349000,3,3,SINGLE_FAMILY
538,346 Leslie St,M4M3E2,Toronto,43.66923,-79.3339,1349900,2,3,SINGLE_FAMILY
539,1319A Davenport Rd,M6H2H4,Toronto,43.673412,-79.43883,1350000,4,3,TOWNHOUSE
540,2 Orley Ave,M4C2B9,Toronto,43.692135,-79.394,1350000,5,3,SINGLE_FAMILY
541,158 Hummingbird Dr,M1X1Y1,Toronto,43.831795,-79.23752,1379000,4,4,SINGLE_FAMILY
542,141 Kingsmount Park Rd,M4L3L6,Toronto,43.679546,-79.31227,1379000,2,3,SINGLE_FAMILY
543,25 Viking Ln PENTHOUSE 54,M9B0A1,Toronto,,,1379000,3,2,CONDO
544,1B Bowsprit Ave,M9P2Y4,Toronto,43.697292,-79.52836,1390000,3,3,TOWNHOUSE
545,18 Waterfield Dr,M1P3W5,Toronto,43.764717,-79.26342,1390000,2,3,SINGLE_FAMILY
546,179 Symington Ave,M6P3W5,Toronto,43.66229,-79.44952,1395000,3,3,SINGLE_FAMILY
547,144 Lake Promenade,M8W1A5,Etobicoke,43.59614,-79.52658,1399000,2,2,SINGLE_FAMILY
548,29 Empire Ave,M4M2L3,Toronto,43.65821,-79.343445,1399000,2,3,SINGLE_FAMILY
549,2179 Dundas St W,M6R1X5,Toronto,,,1399000,3,5,SINGLE_FAMILY
550,377 Ashdale Ave,M4L2Z3,Toronto,43.67495,-79.32257,1399000,3,3,SINGLE_FAMILY
551,73 Pepper Tree Dr,M1C1Y5,Toronto,43.777237,-79.14512,1399900,4,4,SINGLE_FAMILY
552,63 Coalport Dr,M1N4B5,Toronto,43.68684,-79.28132,1399999,4,3,SINGLE_FAMILY
553,58 Morningside Ave,M1E3C2,Toronto,43.75569,-79.1814,1400000,2,3,SINGLE_FAMILY
554,101 9th St,M8V3E5,Toronto,43.599163,-79.5693,1429000,2,3,SINGLE_FAMILY
555,2 Dali Cres,M1B6A5,Toronto,43.81697,-79.178986,1435888,4,5,SINGLE_FAMILY
556,929 Bathurst St,M5R3G4,Toronto,43.669746,-79.41275,1439000,3,4,SINGLE_FAMILY
557,146 Tecumseth St,M6J2H4,Toronto,43.64556,-79.4642,1450000,2,3,SINGLE_FAMILY
558,4 Bellevue Ave,M5T2N4,Toronto,43.65323,-79.432,1450000,2,4,SINGLE_FAMILY
559,29 Statesman Sq,M1S4H7,Toronto,43.863,-79.25898,1450000,4,4,SINGLE_FAMILY
560,253 Howland Ave,M5R3B7,Toronto,43.67334,-79.41137,1469000,2,3,SINGLE_FAMILY
561,90 Stadium Rd #2103,M5V3W5,Toronto,,,1475000,2,2,CONDO
562,185 Oakwood Ave,M6E2V1,Toronto,43.681442,-79.43616,1479800,3,4,SINGLE_FAMILY
563,23 Kempsell Cres,M2J2Z6,Toronto,43.782433,-79.34466,1480000,2,3,SINGLE_FAMILY
564,14 Morbank Dr,M1V2M2,Toronto,43.816,-79.3955,1488000,4,4,SINGLE_FAMILY
565,82 Bellhaven Rd,M4L3J8,Toronto,43.67885,-79.31423,1498000,2,4,SINGLE_FAMILY
566,78 Hamilton St,M4M2C8,Toronto,,,1499000,2,3,SINGLE_FAMILY
567,59 Linnsmore Cres,M4J4J9,Toronto,43.68433,-79.3345,1499000,2,3,SINGLE_FAMILY
568,123 Euclid Ave,M6J2J8,Toronto,43.649555,-79.4867,1499000,3,4,SINGLE_FAMILY
569,35 Shadwick Dr,M9R2V6,Toronto,43.6848,-79.54939,1499000,4,3,SINGLE_FAMILY
570,116 Wheeler Ave,M4L3V2,Toronto,43.674126,-79.376,1499000,3,3,SINGLE_FAMILY
571,28B Bexhill Ave,M1L3B6,Toronto,43.7168,-79.28874,1499900,4,4,SINGLE_FAMILY
572,88 Watson Ave,M6S4E1,Toronto,43.663387,-79.4925,1499900,2,4,SINGLE_FAMILY
573,558 Arlington Ave,M6C3A5,Toronto,43.69444,-79.43461,1499999,2,3,SINGLE_FAMILY
574,363 Sammon Ave,M4J2A6,Toronto,43.68754,-79.33312,1500000,3,3,SINGLE_FAMILY
575,30 Cedarcroft Blvd,M2R2Z5,Toronto,43.783485,-79.44865,1500000,3,4,SINGLE_FAMILY
576,115 Denison Ave #304,M5T2N1,Toronto,,,1505000,2,3,CONDO
577,39 Annie Craig Dr #TOWNHOUSE,M8V0H1,Toronto,43.625854,-79.47811,1519900,3,2,TOWNHOUSE
578,24 Kenway Rd,M8Z4W8,Toronto,43.642174,-79.52629,1549000,2,2,SINGLE_FAMILY
579,41 Ambleside Ave,M8Z2H8,Toronto,43.6364,-79.5134,1549900,2,3,SINGLE_FAMILY
580,203 College St #1004,M5T0C8,Toronto,43.658573,-79.395325,1558888,2,3,CONDO
581,41 Morna Ave,M1E2A9,Toronto,43.754814,-79.1822,1569000,2,3,SINGLE_FAMILY
582,36 Robinson St,M6J1L2,Toronto,43.64864,-79.4644,1573000,2,2,SINGLE_FAMILY
583,488 University Ave #3702,M5G0C1,Toronto,,,1588900,2,3,CONDO
584,22 Falcon St,M4S2P5,Toronto,43.77123,-79.3879,1589000,3,5,SINGLE_FAMILY
585,37 Olive Ave,M6G1T7,Toronto,43.66978,-79.414925,1589000,2,3,SINGLE_FAMILY
586,100 Cassandra Blvd,M3A1S9,Toronto,43.7555,-79.33116,1595000,3,3,SINGLE_FAMILY
587,332 Markland Dr,M9C1S4,Toronto,43.63142,-79.5798,1598000,3,3,SINGLE_FAMILY
588,39 Sammon Ave,M4J1Y7,Toronto,43.684536,-79.34521,1599000,3,4,SINGLE_FAMILY
589,25 Markland Dr,M9C1M8,Toronto,,,1599000,2,4,SINGLE_FAMILY
590,"Fitzgibbon B - Model Home Plan, Glen Agar",M9B5L5,Etobicoke,43.66214,-79.5515,1599900,4,3,SINGLE_FAMILY
591,857 Willowdale Ave,M2M3B9,Toronto,43.783184,-79.4749,1599999,3,4,SINGLE_FAMILY
592,46 3rd St,M8V2X8,Toronto,43.655,-79.557,1600000,3,3,SINGLE_FAMILY
593,1070 Briar Hill Ave,M6B1M7,Toronto,43.73144,-79.4534,1630000,4,4,SINGLE_FAMILY
594,217 Ronan Ave,M4N2Y7,Toronto,43.732452,-79.39589,1639000,2,3,SINGLE_FAMILY
595,16 Wellesley Ave,M4X1V3,Toronto,43.66984,-79.36538,1649000,3,4,SINGLE_FAMILY
596,230 Logan Ave,M4M2N3,Toronto,43.659748,-79.342476,1649000,3,3,SINGLE_FAMILY
597,236 Lisgar St,M6J3G7,Toronto,43.64776,-79.42626,1649000,2,3,TOWNHOUSE
598,95 Walnut Ave,M5V2S1,Toronto,43.6421,-79.47585,1669900,3,3,SINGLE_FAMILY
599,10 Delisle Ave #1003,M4V3C6,Toronto,,,1680000,2,2,CONDO
600,30 Tennis Cres,M4K1J3,Toronto,43.67312,-79.35382,1685000,3,3,SINGLE_FAMILY
601,779 Willowdale Ave,M2N5B5,Toronto,43.7791,-79.4572,1699000,3,3,SINGLE_FAMILY
602,2 Doerr Rd,M1P4M6,Toronto,43.765762,-79.257965,1699000,6,3,SINGLE_FAMILY
603,145 Plewes Rd,M3K1L2,Toronto,43.73352,-79.469925,1700000,2,4,SINGLE_FAMILY
604,8 Eaglewing Ct,M1E4M1,Toronto,43.788445,-79.221214,1738000,3,4,SINGLE_FAMILY
605,86 Bestview Dr,M2M2X9,Toronto,,,1738888,4,4,SINGLE_FAMILY
606,87 Aldwych Ave,M4J1X5,Toronto,43.6842,-79.34275,1749000,3,3,SINGLE_FAMILY
607,241 Oakwood Ave,M6E2V3,Toronto,43.683365,-79.436935,1750000,4,7,SINGLE_FAMILY
608,17 Trowell Ave,M6M1L3,Toronto,43.686886,-79.46769,1758888,4,3,SINGLE_FAMILY
609,43 Flagman St,M4E3X6,Toronto,43.68772,-79.29249,1759000,4,4,SINGLE_FAMILY
610,251 Soudan Ave,M4S1W2,Toronto,43.75677,-79.39465,1785000,3,3,SINGLE_FAMILY
611,42 Springhurst Ave,M6K1B6,Toronto,,,1789000,3,3,SINGLE_FAMILY
612,214 Winona Dr,M6C3S2,Toronto,43.68893,-79.43321,1789000,4,3,SINGLE_FAMILY
613,93 Regent Rd,M3K1H2,Toronto,,,1799000,5,4,SINGLE_FAMILY
614,56A Cedar Brae Blvd,M1J2K5,Toronto,43.747124,-79.23524,1799000,4,4,SINGLE_FAMILY
615,19 Bourdon Ave,M6L2Y7,Toronto,,,1799000,4,5,SINGLE_FAMILY
616,117 Estelle Ave,M2N5H6,Toronto,,,1799000,2,3,SINGLE_FAMILY
617,71 W Lodge Ave,M6K2T6,Toronto,43.64366,-79.4363,1799900,2,4,SINGLE_FAMILY
618,12 Foxwarren Dr,M2K1L2,Toronto,43.77144,-79.387856,1799990,2,3,SINGLE_FAMILY
619,75 Constance St,M6R1S7,Toronto,43.64859,-79.45521,1800000,3,4,SINGLE_FAMILY
620,264 Garden Ave,M6R1J5,Toronto,43.642654,-79.45145,1829900,2,4,SINGLE_FAMILY
621,1201 Dovercourt Rd,M6H2Y1,Toronto,43.67336,-79.434,1849000,4,4,SINGLE_FAMILY
622,373 Woodbine Ave,M4L3P7,Toronto,,,1849000,4,4,MULTI_FAMILY
623,839 Logan Ave,M4K3E2,Toronto,43.67644,-79.34886,1849000,2,3,SINGLE_FAMILY
624,106 Massey St S,M6J2T4,Toronto,43.644627,-79.4145,1850000,2,3,SINGLE_FAMILY
625,76 Sparkhall Ave,M4K1G6,Toronto,43.672264,-79.3512,1875000,2,4,SINGLE_FAMILY
626,16 Harbour St UNIT 5205,M5J2Z7,Toronto,43.64286,-79.376915,1890000,2,3,CONDO
627,5 Ronan Ave,M4N2X8,Toronto,43.72721,-79.39378,1899000,2,4,SINGLE_FAMILY
628,61 Scarlett Rd,M6N4J8,Toronto,43.6687,-79.546,1899000,6,5,MULTI_FAMILY
629,30 Glen Stewart Cres,M4E1P5,Toronto,43.67795,-79.2995,1899000,2,3,SINGLE_FAMILY
630,328 Centennial Rd,M1C2A3,Toronto,43.78888,-79.15179,1940000,4,4,SINGLE_FAMILY
631,72 Montrose Ave,M6J2T7,Toronto,43.65199,-79.41688,1949000,3,3,SINGLE_FAMILY
632,70 Dalmatian Cres,M1C4W7,Toronto,43.7992,-79.16563,1950000,6,4,SINGLE_FAMILY
633,216 Woodville Ave,M4J2R7,Toronto,43.693645,-79.34412,1950000,4,4,SINGLE_FAMILY
634,48 Follis Ave,M6G1S3,Toronto,43.66935,-79.41499,1963500,4,4,SINGLE_FAMILY
635,286 Sherbourne St,M5A2S1,Toronto,43.664,-79.3721,1979000,3,5,SINGLE_FAMILY
636,17 Calvin Ave,M2N5E4,Toronto,,,1988000,2,3,SINGLE_FAMILY
637,80 Chelford Rd,M3B2E5,Toronto,43.741264,-79.361885,1988800,2,3,SINGLE_FAMILY
638,5 Fairfield Rd,M4P1S9,Toronto,43.7173,-79.38798,1989000,3,3,SINGLE_FAMILY
639,30 Hartfield Ct,M9A3E3,Toronto,43.66789,-79.52348,1990000,3,4,SINGLE_FAMILY
640,157 Princess Anne Cres,M9A2R7,Toronto,,,1998000,3,3,SINGLE_FAMILY
641,27 Brooklyn Ave,M4M2X4,Toronto,43.66318,-79.336136,1999000,3,3,SINGLE_FAMILY
642,1209 Pharmacy Ave,M1R2H8,Toronto,43.74678,-79.3569,1999900,6,5,SINGLE_FAMILY
643,8 Delia Ct,M3H3G8,Toronto,43.74415,-79.444176,1999900,3,3,SINGLE_FAMILY
644,16 Teagarden Ct,M2N5Z9,Toronto,,,1999900,4,4,SINGLE_FAMILY
645,39 Major St,M5S2K9,Toronto,43.65887,-79.439,2099900,4,3,SINGLE_FAMILY
646,109 Garden Ave,M6R1H8,Toronto,43.644135,-79.44495,2100000,3,3,SINGLE_FAMILY
647,153 B Stanley Ave,M8V1N8,Toronto,43.614697,-79.49529,2100000,4,3,SINGLE_FAMILY
648,30 Meadowacres Dr,M1T1B2,Toronto,43.77136,-79.31736,2150000,5,4,SINGLE_FAMILY
649,71 29th St,M8W3A7,Toronto,43.59658,-79.52831,2180000,4,4,SINGLE_FAMILY
650,3600 Yonge St #235,M4N3R8,Toronto,,,2185000,3,2,CONDO
651,271 Booth Ave,M4M2M7,Toronto,43.662468,-79.34428,2189000,3,3,SINGLE_FAMILY
652,22 Euclid Ave,M6J2J6,Toronto,43.647144,-79.4821,2199000,2,3,SINGLE_FAMILY
653,296 Poyntz Ave,M2N1J9,Toronto,43.7572,-79.4247,2199900,5,4,SINGLE_FAMILY
654,55 Glenellen Dr E,M8Y2G7,Toronto,43.64247,-79.49646,2200000,2,3,SINGLE_FAMILY
655,6 Harvard Ave,M6R1C6,Toronto,43.64187,-79.44331,2200000,5,5,SINGLE_FAMILY
656,25 Dervock Cres #6,M2K0G7,Toronto,43.766834,-79.3811,2200000,4,4,TOWNHOUSE
657,660 Sheppard Ave E #803B,M2K3E5,Toronto,43.76928,-79.38183,2295000,3,2,CONDO
658,321 Saint George St,M5R2R2,Toronto,43.67518,-79.4319,2299000,5,5,SINGLE_FAMILY
659,84 Wineva Ave,M4E2T2,Toronto,43.669754,-79.29541,2299888,4,4,SINGLE_FAMILY
660,79 Florence Ave,M2N1G2,Toronto,43.757153,-79.414154,2318000,2,3,SINGLE_FAMILY
661,490 Markham St,M6G2L3,Toronto,43.66217,-79.41163,2349000,3,4,SINGLE_FAMILY
662,4 Deforest Rd,M6S1H6,Toronto,43.649364,-79.47364,2349000,4,3,SINGLE_FAMILY
663,5 Humber Hill Ave,M6S4R9,Toronto,43.664337,-79.5142,2349900,5,4,SINGLE_FAMILY
664,8 Charlotte St #3205,M5V0K4,Toronto,43.64615,-79.39466,2375000,3,3,CONDO
665,662 Bathurst St SUITE 3,M5S2R3,Toronto,43.661564,-79.4116,2395000,3,3,CONDO
666,77 Don Valley Dr,M4K2J3,Toronto,43.6911,-79.35629,2395000,4,4,SINGLE_FAMILY
667,15 Valhalla Blvd,M1N3B1,Toronto,43.68717,-79.26712,2399000,5,4,SINGLE_FAMILY
668,47 Norlong Blvd,M4C3W8,Toronto,43.698715,-79.321945,2399900,5,4,SINGLE_FAMILY
669,17B Relmar Rd,M5P2Y4,Toronto,,,2480000,4,3,SINGLE_FAMILY
670,10 York St #6305,M5J0E1,Toronto,,,2480000,3,2,CONDO
671,2 Ottawa St,M4T2B6,Toronto,43.682995,-79.38849,2495000,3,4,SINGLE_FAMILY
672,115 Norway Ave,M4L0B2,Toronto,43.67429,-79.3138,2495000,4,4,SINGLE_FAMILY
673,189 Pinewood Ave,M6C2V1,Toronto,43.683514,-79.42546,2525000,5,3,SINGLE_FAMILY
674,3 Logwood Ct,M9C2J4,Toronto,,,2549000,4,4,SINGLE_FAMILY
675,449 Guildwood Pkwy,M1E1R3,Toronto,43.75124,-79.182396,2588000,3,3,SINGLE_FAMILY
676,91 Woodfield Rd,M4L2W5,Toronto,43.66674,-79.32164,2595000,4,4,SINGLE_FAMILY
677,372 Beresford Ave,M6S3B5,Toronto,43.655163,-79.47973,2599000,4,4,SINGLE_FAMILY
678,16 Catalda Ct,M2R3X5,Toronto,43.76778,-79.435616,2690000,5,4,SINGLE_FAMILY
679,75 Ashbourne Dr,M9B4H4,Toronto,43.64513,-79.5443,2699900,5,4,SINGLE_FAMILY
680,4 Charleston Rd,M9B4M7,Toronto,43.639824,-79.54689,2747000,5,6,SINGLE_FAMILY
681,15 Woodside Ave,M6P1L6,Toronto,43.65872,-79.47455,2780000,4,5,SINGLE_FAMILY
682,311 Bay St UNIT 5302,M5H4G5,Toronto,,,2819000,3,2,CONDO
683,85 Garnier Ct,M2M4C8,Toronto,43.799534,-79.38433,2865000,4,4,SINGLE_FAMILY
684,24 Royal Rouge Trl,M1B4T3,Toronto,43.8164,-79.14924,2888000,5,6,SINGLE_FAMILY
685,10 Kendal Ave,M5R1L7,Toronto,43.669662,-79.4756,2890000,4,3,SINGLE_FAMILY
686,300 Front St W PENTHOUSE 1,M5V0E9,Toronto,43.64462,-79.389435,2895000,3,3,CONDO
687,521 Saint Clements Ave,M5N1M3,Toronto,43.78416,-79.41944,2895000,4,4,SINGLE_FAMILY
688,201 Banbury Rd,M3B3C6,Toronto,,,2898000,4,4,SINGLE_FAMILY
689,92 Shelborne Ave,M5N1Z3,Toronto,43.71656,-79.42753,2899000,6,5,SINGLE_FAMILY
690,20 Neilson Ave,M1M2S2,Toronto,43.71859,-79.2321,2950000,5,4,SINGLE_FAMILY
691,32 Paperbirch Dr,M3C2E7,Toronto,43.734566,-79.35185,2958000,5,4,SINGLE_FAMILY
692,280 Oriole Pkwy,M5P2H3,Toronto,,,2995000,5,7,SINGLE_FAMILY
693,20 Thorncliffe Ave,M4K1V5,Toronto,43.6859,-79.3624,2995000,2,3,SINGLE_FAMILY
694,26 Bellehaven Cres,M1M1H4,Toronto,43.7357,-79.21889,2999999,4,4,SINGLE_FAMILY
695,327 Broadway Ave,M4P1W4,Toronto,43.7125,-79.38364,3100000,5,4,SINGLE_FAMILY
696,145 Howland Ave,M5R3B4,Toronto,,,3100000,4,4,SINGLE_FAMILY
697,1700 Avenue Rd #705,M5M3Y4,Toronto,,,3110000,2,2,CONDO
698,56 Codsell Ave,M3H3V9,Toronto,43.75812,-79.44343,3198000,5,4,SINGLE_FAMILY
699,99 Boardwalk Dr,M4L3X9,Toronto,43.665634,-79.3588,3199999,4,3,SINGLE_FAMILY
700,75 Baby Point Rd,M6S2G6,Toronto,,,3225000,3,5,SINGLE_FAMILY
701,10 Rainsford Rd,M4L3N4,Toronto,43.66925,-79.3748,3250000,5,3,SINGLE_FAMILY
702,106 Lowther Ave,M5R1E3,Toronto,43.66931,-79.4399,3295000,4,3,SINGLE_FAMILY
703,439 1/2 Manning Ave,M6G2V6,Toronto,43.65847,-79.41325,3299000,4,4,SINGLE_FAMILY
704,183 Wellington St W #2606,M5V0A1,Toronto,,,3350000,3,2,CONDO
705,246 Edenbridge Dr,M9A3H3,Toronto,43.679688,-79.5124,3380000,5,4,SINGLE_FAMILY
706,27 Ovida Ave,M9B1E2,Toronto,43.63464,-79.54433,3398000,6,4,SINGLE_FAMILY
707,434 Victoria Park Ave,M4E3T2,Toronto,,,3490000,4,5,MULTI_FAMILY
708,45 Leacroft Cres,M3B2G5,Toronto,43.738327,-79.361115,3490000,5,5,SINGLE_FAMILY
709,173 Ronan Ave,M4N2Y5,Toronto,43.731537,-79.39549,3499900,5,4,SINGLE_FAMILY
710,89 Balsam Ave,M4E3B8,Toronto,43.673946,-79.2938,3499999,3,4,SINGLE_FAMILY
711,77 Saint Georges Blvd,M9R1X5,Toronto,43.7855,-79.55876,3499999,5,4,SINGLE_FAMILY
712,25 D Lascelles Blvd,M4V0B3,Toronto,43.695946,-79.39929,3525000,5,4,TOWNHOUSE
713,326 Princess Ave,M2N3S6,Toronto,43.77244,-79.39576,3638000,7,5,SINGLE_FAMILY
714,94 Helena Ave,M6G2H2,Toronto,43.68386,-79.4216,3685000,5,4,SINGLE_FAMILY
715,6 Harnish Cres,M2M2C1,Toronto,,,3848000,7,4,SINGLE_FAMILY
716,82 Cedar Brae Blvd,M1J2K5,Toronto,,,3880000,3,5,SINGLE_FAMILY
717,34 Gwendolen Ave,M2N1A2,Toronto,43.752785,-79.418594,3888000,7,4,SINGLE_FAMILY
718,53 Royalavon Cres,M9A2E7,Toronto,43.6466,-79.53371,3990000,6,4,SINGLE_FAMILY
719,21 Caswell Dr,M2M3M1,Toronto,43.796547,-79.4136,3995000,5,4,SINGLE_FAMILY
720,54 Glenview Ave,M4R1P6,Toronto,43.72333,-79.43915,3995000,4,4,SINGLE_FAMILY
721,5 Norden Cres,M3B1B5,Toronto,43.73757,-79.34963,3998000,6,4,SINGLE_FAMILY
722,94B Admiral Rd,M5R2L6,Toronto,43.674374,-79.4212,3999000,4,3,SINGLE_FAMILY
723,407 Brunswick Ave,M5R2Z2,Toronto,43.669956,-79.48714,4198000,6,4,SINGLE_FAMILY
724,31 Maclennan Ave,M4W2Y5,Toronto,43.685345,-79.37769,4199000,4,4,SINGLE_FAMILY
725,14 Rolyat St,M6J1S6,Toronto,43.648857,-79.421524,4298000,5,4,SINGLE_FAMILY
726,113 Yorkminster Rd,M2P1M5,Toronto,43.755917,-79.395546,4350000,7,4,SINGLE_FAMILY
727,67 Rathburn Rd,M9A1R4,Toronto,43.6689,-79.53715,4378800,7,4,SINGLE_FAMILY
728,62 Edenvale Cres,M9A4A6,Toronto,,,4449000,5,4,SINGLE_FAMILY
729,96 Summerhill Ave,M4T1B2,Toronto,43.684116,-79.387375,4488000,5,5,SINGLE_FAMILY
730,124 Laurentide Dr,M3A3E5,Toronto,43.756832,-79.336914,4488888,7,5,SINGLE_FAMILY
731,668 Brock Ave,M6H3P2,Toronto,43.6613,-79.43966,4499888,6,12,MULTI_FAMILY
732,11 Fordham Pl,M3B1K1,Toronto,43.742977,-79.35155,4500000,6,4,SINGLE_FAMILY
733,224 King St W #4302,M5H0A6,Toronto,43.64738,-79.387276,4500000,3,2,CONDO
734,194 Dawlish Ave,M4N1H5,Toronto,43.72262,-79.3943,4600000,4,4,SINGLE_FAMILY
735,200 Cumberland St #3005,M5R0B7,Toronto,43.66987,-79.39424,4650000,3,2,CONDO
736,37 Nanton Ave,M4W2Y8,Toronto,43.6763,-79.37167,4750000,4,4,SINGLE_FAMILY
737,481 Guildwood Pkwy,M1E1R3,Toronto,,,4788000,6,4,SINGLE_FAMILY
738,110 Sandringham Dr,M3H1C9,Toronto,,,4860000,9,6,SINGLE_FAMILY
739,29 Berkindale Dr,M2L1Z7,Toronto,43.7552,-79.38384,4995000,5,4,SINGLE_FAMILY
740,519 Spadina Rd,M5P2W6,Toronto,43.692516,-79.41384,4995000,5,6,SINGLE_FAMILY
741,29 Ballyconnor Ct,M2M0B6,Toronto,,,4998000,7,4,SINGLE_FAMILY
742,98 Kendal Ave,M5R1L9,Toronto,43.673325,-79.49294,4999000,6,5,SINGLE_FAMILY
743,350 Brooke Ave,M5M2L3,Toronto,,,5095000,5,5,SINGLE_FAMILY
744,272 Hillcrest Ave,M2N3P4,Toronto,,,5286000,6,4,SINGLE_FAMILY
745,575 Bedford Park Ave,M5M1K4,Toronto,,,5295000,6,4,SINGLE_FAMILY
746,54 Sumner Heights Dr,M2K1Y4,Toronto,43.77922,-79.38617,5380000,7,5,SINGLE_FAMILY
747,25 Berryman St,M5R1M7,Toronto,43.673386,-79.392624,5450000,4,4,SINGLE_FAMILY
748,226A Stibbard Ave,M4P2C3,Toronto,43.7185,-79.39153,5495000,5,4,SINGLE_FAMILY
749,7 Malabar Pl,M3B1A4,Toronto,43.736248,-79.35814,5888888,7,5,SINGLE_FAMILY
750,91 Brooke Ave,M5M2K2,Toronto,,,5989000,6,4,SINGLE_FAMILY
751,1 Tanvalley Ct,M3B1C5,Toronto,43.73727,-79.36143,6200000,6,4,SINGLE_FAMILY
752,69 South Kingsway,M6S3T4,Toronto,43.639954,-79.4779,6288000,8,4,SINGLE_FAMILY
753,27 Bayview Wood,M4N1R8,Toronto,43.726532,-79.38444,6390000,5,4,SINGLE_FAMILY
754,223 River St,M5A3P9,Toronto,43.664227,-79.35923,6499900,12,9,SINGLE_FAMILY
755,128 Hazelton Ave #502,M5R2E5,Toronto,43.674797,-79.39515,6600000,4,3,CONDO
756,110 Stratford Cres,M4N1C6,Toronto,43.7211,-79.38389,6695000,6,4,SINGLE_FAMILY
757,33 Bay St #5102,M5J2Z3,Toronto,,,7000000,5,4,CONDO
758,16 Ardmore Rd,M5P1V3,Toronto,,,7280000,7,4,SINGLE_FAMILY
759,53 Hazelton Ave,M5R2E3,Toronto,43.672447,-79.39353,7280000,4,3,SINGLE_FAMILY
760,121 Forest Heights Blvd,M2L2K7,Toronto,43.76773,-79.37492,7288000,6,4,SINGLE_FAMILY
761,149 Lytton Blvd,M4R1L6,Toronto,43.71457,-79.4821,7395000,5,4,SINGLE_FAMILY
762,69 Harrison Rd,M2L1V9,Toronto,43.756275,-79.3771,7500000,7,5,SINGLE_FAMILY
763,11 Dewbourne Ave,M5P1Z3,Toronto,43.699173,-79.42137,7680000,8,5,SINGLE_FAMILY
764,20 Berkindale Dr,M2L1Z5,Toronto,43.75443,-79.38436,7680000,8,5,SINGLE_FAMILY
765,25 Truman Rd,M2L2L4,Toronto,,,7699000,8,5,SINGLE_FAMILY
766,43 Kimbark Blvd,M5N2X6,Toronto,43.71783,-79.41717,7800000,7,4,SINGLE_FAMILY
767,29 Delavan Ave,M5P1T2,Toronto,43.69161,-79.41636,7880000,7,5,SINGLE_FAMILY
768,88 Lord Seaton Rd,M2P1K5,Toronto,43.752537,-79.451,7880000,10,6,SINGLE_FAMILY
769,67 Chestnut Park,M4W1W7,Toronto,43.67954,-79.38456,8000000,5,5,SINGLE_FAMILY
770,66 Harper Ave,M4T2L3,Toronto,43.6918,-79.375275,8100000,6,4,SINGLE_FAMILY
771,5 Pheasant Ln,M9A1T1,Toronto,43.66248,-79.53494,8300000,5,4,SINGLE_FAMILY
772,65 Hillhurst Blvd,M5N1N5,Toronto,,,8699000,7,4,SINGLE_FAMILY
773,11 North Dr,M9A4R1,Toronto,,,8798000,8,4,SINGLE_FAMILY
774,19 Royal Oak Dr,M3C2M3,Toronto,43.727764,-79.36147,8800000,9,7,SINGLE_FAMILY
775,39 The Bridle Path,M2L1C9,Toronto,,,8995000,6,4,SINGLE_FAMILY
776,118 Yorkville Ave UNIT 602,M5R1H5,Toronto,,,9500000,3,3,CONDO
777,253 Dunvegan Rd,M5P2P5,Toronto,43.699463,-79.41498,9695000,9,6,SINGLE_FAMILY
778,440 Lake Fron,M4E1A8,Toronto,43.671173,-79.28183,9800000,0,0,LOT
779,11 Purling Pl,M3B1V4,Toronto,43.747513,-79.375,9880000,9,5,SINGLE_FAMILY
780,118 Yorkville Ave #604,M5R1H5,Toronto,43.67856,-79.3937,9990000,3,3,CONDO
781,34 Stratheden Rd,M4N1E4,Toronto,43.722214,-79.38281,10500000,8,6,SINGLE_FAMILY
782,173 Valley Rd,M2L1G5,Toronto,43.743214,-79.38649,10800000,8,5,SINGLE_FAMILY
783,378 Fairlawn Ave,M5M1T8,Toronto,,,10888000,9,6,SINGLE_FAMILY
784,20 Sandringham Dr,M5M3G3,Toronto,43.74369,-79.41451,10985000,7,5,SINGLE_FAMILY
785,211 Glencairn Ave,M4R1N3,Toronto,,,10990000,8,5,SINGLE_FAMILY
786,185 Dawlish Ave,M4N1H6,Toronto,43.72234,-79.3992,11000000,8,5,SINGLE_FAMILY
787,11 Ridgewood Rd,M5P1T4,Toronto,43.691383,-79.4239,12500000,7,4,SINGLE_FAMILY
788,36 Hazelton Ave #5B,M5R2E2,Toronto,43.671864,-79.39381,12500000,3,2,CONDO
789,108 Stratford Cres,M4N1C6,Toronto,43.72146,-79.3848,12895000,7,4,SINGLE_FAMILY
790,71 Arjay Cres,M2L1C6,Toronto,43.73914,-79.38379,12988000,10,5,SINGLE_FAMILY
791,1 Saint Thomas St #26A,M5S3M5,Toronto,,,12998000,4,3,CONDO
792,118 Yorkville Ave #703,M5R1H5,Toronto,,,13500000,5,3,CONDO
793,139 Dunvegan Rd,M5P2N8,Toronto,,,15850000,8,4,SINGLE_FAMILY
794,30 Fifeshire Rd,M2L2G6,Toronto,43.75368,-79.3911,17888000,16,9,SINGLE_FAMILY
795,36 High Point Rd,M3C2R3,Toronto,,,17888000,7,5,SINGLE_FAMILY
796,50 Yorkville Ave #5202,M4W0A3,Toronto,43.671684,-79.389565,19250000,4,3,CONDO
797,45 Bayview Rdg,M2L1E3,Toronto,43.741947,-79.38787,24500000,10,6,SINGLE_FAMILY
798,19 High Point Rd,M3B2A3,Toronto,43.73373,-79.36892,25000000,14,6,SINGLE_FAMILY
799,1 Bloor St W #LP7900,M4W1A3,Toronto,,,34700000,7,5,CONDO
